,방송일시,노출(분)_all,상품
0,2020-06-01 06:20:00,20.0,2.0
1,2020-06-01 06:40:00,20.0,18.0
2,2020-06-01 07:00:00,20.0,25.0
3,2020-06-01 07:20:00,20.0,41.0
4,2020-06-01 07:40:00,20.0,123.0
5,2020-06-01 08:00:00,20.0,49.0
6,2020-06-01 08:20:00,20.0,40.0
7,2020-06-01 08:40:00,20.0,134.0
8,2020-06-01 09:00:00,20.0,139.0
9,2020-06-01 09:20:00,20.0,2.0
10,2020-06-01 09:40:00,20.0,18.0
11,2020-06-01 10:00:00,20.0,152.0
12,2020-06-01 10:20:00,20.0,25.0
13,2020-06-01 10:40:00,20.0,40.0
14,2020-06-01 11:00:00,20.0,41.0
15,2020-06-01 11:20:00,20.0,44.0
16,2020-06-01 11:40:00,20.0,49.0
17,2020-06-01 12:00:00,20.0,4.0
18,2020-06-01 12:20:00,20.0,203.0
19,2020-06-01 12:40:00,20.0,153.0
20,2020-06-01 13:00:00,20.0,84.0
21,2020-06-01 15:20:00,20.0,123.0
22,2020-06-01 15:40:00,20.0,134.0
23,2020-06-01 16:00:00,20.0,139.0
24,2020-06-01 16:20:00,20.0,2.0
25,2020-06-01 16:40:00,20.0,18.0
26,2020-06-01 17:00:00,20.0,25.0
27,2020-06-01 17:20:00,20.0,40.0
28,2020-06-01 17:40:00,20.0,41.0
29,2020-06-01 18:00:00,20.0,147.0
30,2020-06-01 18:20:00,20.0,203.0
31,2020-06-01 18:40:00,20.0,7.0
32,2020-06-01 19:00:00,20.0,84.0
33,2020-06-01 19:20:00,20.0,123.0
34,2020-06-01 19:40:00,20.0,134.0
35,2020-06-01 20:00:00,20.0,44.0
36,2020-06-01 20:20:00,20.0,139.0
37,2020-06-01 20:40:00,20.0,152.0
38,2020-06-01 21:00:00,20.0,2.0
39,2020-06-01 21:20:00,20.0,18.0
40,2020-06-01 21:40:00,20.0,25.0
41,2020-06-01 22:00:00,20.0,40.0
42,2020-06-01 22:20:00,20.0,41.0
43,2020-06-01 22:40:00,20.0,84.0
44,2020-06-01 23:00:00,20.0,200.0
45,2020-06-01 23:20:00,20.0,43.0
46,2020-06-01 23:40:00,20.0,44.0
47,2020-06-02 00:00:00,20.0,118.0
48,2020-06-02 01:20:00,20.0,49.0
49,2020-06-02 01:40:00,15.916666666666664,49.0
50,2020-06-02 02:00:00,20.0,99.0
51,2020-06-02 06:20:00,20.0,2.0
52,2020-06-02 06:40:00,20.0,18.0
53,2020-06-02 07:00:00,20.0,10.0
54,2020-06-02 07:20:00,30.0,25.0
55,2020-06-02 07:50:00,30.0,40.0
56,2020-06-02 08:20:00,20.0,200.0
57,2020-06-02 08:40:00,20.0,43.0
58,2020-06-02 09:00:00,20.0,41.0
59,2020-06-02 09:20:00,20.0,43.0
60,2020-06-02 09:40:00,20.0,84.0
61,2020-06-02 10:00:00,20.0,164.0
62,2020-06-02 10:20:00,20.0,76.0
63,2020-06-02 10:40:00,20.0,33.0
64,2020-06-02 11:00:00,20.0,17.0
65,2020-06-02 11:20:00,20.0,203.0
66,2020-06-02 11:40:00,20.0,74.0
67,2020-06-02 12:00:00,20.0,143.0
68,2020-06-02 12:20:00,20.0,126.0
69,2020-06-02 12:40:00,20.0,146.0
70,2020-06-02 13:00:00,20.0,44.0
71,2020-06-02 13:20:00,20.0,99.0
72,2020-06-02 13:40:00,20.0,2.0
73,2020-06-02 14:00:00,20.0,17.0
74,2020-06-02 14:20:00,20.0,17.0
75,2020-06-02 14:40:00,20.0,45.0
76,2020-06-02 15:00:00,20.0,18.0
77,2020-06-02 16:20:00,20.0,116.0
78,2020-06-02 16:40:00,20.0,83.0
79,2020-06-02 17:00:00,20.0,25.0
80,2020-06-02 17:20:00,20.0,40.0
81,2020-06-02 17:40:00,20.0,41.0
82,2020-06-02 18:00:00,20.0,83.0
83,2020-06-02 18:20:00,20.0,176.0
84,2020-06-02 18:40:00,20.0,170.0
85,2020-06-02 19:00:00,20.0,84.0
86,2020-06-02 19:20:00,20.0,2.0
87,2020-06-02 19:40:00,20.0,18.0
88,2020-06-02 20:00:00,20.0,43.0
89,2020-06-02 20:20:00,20.0,44.0
90,2020-06-02 20:40:00,20.0,38.0
91,2020-06-02 21:00:00,20.0,99.0
92,2020-06-02 21:20:00,20.0,25.0
93,2020-06-02 21:40:00,20.0,40.0
94,2020-06-02 22:00:00,20.0,41.0
95,2020-06-02 22:20:00,20.0,49.0
96,2020-06-02 22:40:00,20.0,2.0
97,2020-06-02 23:00:00,20.0,49.0
98,2020-06-02 23:20:00,20.0,56.0
99,2020-06-02 23:40:00,20.0,84.0
100,2020-06-03 00:00:00,20.0,89.0
101,2020-06-03 00:20:00,10.0,14.0
102,2020-06-03 00:30:00,10.0,58.0
103,2020-06-03 00:40:00,10.0,15.0
104,2020-06-03 00:50:00,10.0,214.0
105,2020-06-03 01:00:00,10.0,44.0
106,2020-06-03 01:10:00,10.0,64.0
107,2020-06-03 06:20:00,20.0,18.0
108,2020-06-03 06:40:00,20.0,25.0
109,2020-06-03 07:00:00,20.0,12.0
110,2020-06-03 07:20:00,20.0,54.0
111,2020-06-03 07:40:00,20.0,46.0
112,2020-06-03 08:00:00,20.0,89.0
113,2020-06-03 08:20:00,20.0,195.0
114,2020-06-03 08:40:00,20.0,108.0
115,2020-06-03 09:00:00,20.0,43.0
116,2020-06-03 09:20:00,20.0,40.0
117,2020-06-03 09:40:00,20.0,41.0
118,2020-06-03 10:00:00,20.0,144.0
119,2020-06-03 10:20:00,20.0,197.0
120,2020-06-03 10:40:00,20.0,62.0
121,2020-06-03 11:00:00,20.0,10.0
122,2020-06-03 11:20:00,20.0,127.0
123,2020-06-03 11:40:00,20.0,205.0
124,2020-06-03 12:00:00,20.0,195.0
125,2020-06-03 12:20:00,20.0,208.0
126,2020-06-03 12:40:00,20.0,160.0
127,2020-06-03 13:00:00,20.0,8.0
128,2020-06-03 14:20:00,20.0,135.0
129,2020-06-03 14:40:00,20.0,179.0
130,2020-06-03 15:00:00,20.0,49.0
131,2020-06-03 15:20:00,20.0,2.0
132,2020-06-03 15:40:00,20.0,18.0
133,2020-06-03 16:00:00,20.0,117.0
134,2020-06-03 16:20:00,20.0,169.0
135,2020-06-03 16:40:00,20.0,142.0
136,2020-06-03 17:00:00,20.0,62.0
137,2020-06-03 17:20:00,20.0,66.0
138,2020-06-03 17:40:00,20.0,33.0
139,2020-06-03 18:00:00,20.0,142.0
140,2020-06-03 19:20:00,20.0,25.0
141,2020-06-03 19:40:00,20.0,40.0
142,2020-06-03 20:00:00,20.0,30.0
143,2020-06-03 20:20:00,20.0,102.0
144,2020-06-03 20:40:00,20.0,100.0
145,2020-06-03 21:00:00,20.0,10.0
146,2020-06-03 21:20:00,20.0,10.0
147,2020-06-03 21:40:00,20.0,17.0
148,2020-06-03 22:00:00,20.0,41.0
149,2020-06-03 22:20:00,20.0,49.0
150,2020-06-03 22:40:00,20.0,2.0
151,2020-06-03 23:00:00,20.0,57.0
152,2020-06-03 23:20:00,14.983333333333333,6.0
153,2020-06-03 23:35:00,15.0,58.0
154,2020-06-03 23:50:00,15.0,89.0
155,2020-06-04 00:05:00,15.0,28.0
156,2020-06-04 00:20:00,20.0,37.0
157,2020-06-04 00:40:00,20.0,85.0
158,2020-06-04 01:00:00,20.0,107.0
159,2020-06-04 01:20:00,20.0,109.0
160,2020-06-04 01:40:00,16.183333333333334,3.0
161,2020-06-04 02:00:00,20.0,49.0
162,2020-06-04 06:20:00,20.0,18.0
163,2020-06-04 06:40:00,20.0,25.0
164,2020-06-04 07:00:00,20.0,56.0
165,2020-06-04 07:20:00,20.0,20.0
166,2020-06-04 07:40:00,20.0,0.0
167,2020-06-04 08:00:00,20.0,43.0
168,2020-06-04 08:20:00,20.0,200.0
169,2020-06-04 08:40:00,20.0,61.0
170,2020-06-04 09:00:00,20.0,43.0
171,2020-06-04 09:20:00,20.0,43.0
172,2020-06-04 09:40:00,20.0,40.0
173,2020-06-04 10:00:00,20.0,136.0
174,2020-06-04 10:20:00,20.0,71.0
175,2020-06-04 10:40:00,20.0,190.0
176,2020-06-04 11:00:00,20.0,118.0
177,2020-06-04 11:20:00,20.0,192.0
178,2020-06-04 11:40:00,20.0,113.0
179,2020-06-04 12:00:00,20.0,141.0
180,2020-06-04 12:20:00,20.0,159.0
181,2020-06-04 12:40:00,20.0,148.0
182,2020-06-04 13:00:00,20.0,9.0
183,2020-06-04 13:20:00,20.0,5.0
184,2020-06-04 13:40:00,20.0,10.0
185,2020-06-04 14:00:00,20.0,93.0
186,2020-06-04 14:20:00,20.0,103.0
187,2020-06-04 14:40:00,20.0,62.0
188,2020-06-04 15:00:00,20.0,41.0
189,2020-06-04 15:20:00,20.0,49.0
190,2020-06-04 15:40:00,20.0,2.0
191,2020-06-04 16:00:00,20.0,159.0
192,2020-06-04 16:20:00,20.0,186.0
193,2020-06-04 16:40:00,20.0,59.0
194,2020-06-04 17:00:00,20.0,12.0
195,2020-06-04 17:20:00,20.0,33.0
196,2020-06-04 17:40:00,20.0,56.0
197,2020-06-04 18:00:00,20.0,216.0
198,2020-06-04 19:20:00,20.0,18.0
199,2020-06-04 19:40:00,20.0,25.0
200,2020-06-04 20:00:00,20.0,77.0
201,2020-06-04 20:20:00,20.0,57.0
202,2020-06-04 20:40:00,20.0,56.0
203,2020-06-04 21:00:00,20.0,10.0
204,2020-06-04 21:20:00,20.0,10.0
205,2020-06-04 21:40:00,20.0,34.0
206,2020-06-04 22:00:00,10.716666666666667,40.0
207,2020-06-04 22:20:00,20.0,41.0
208,2020-06-04 22:40:00,20.0,44.0
209,2020-06-04 23:00:00,20.0,13.0
210,2020-06-04 23:20:00,20.0,6.0
211,2020-06-04 23:40:00,20.0,48.0
212,2020-06-05 00:00:00,20.0,77.0
213,2020-06-05 01:20:00,20.0,44.0
214,2020-06-05 01:40:00,16.166666666666668,64.0
215,2020-06-05 02:00:00,20.0,44.0
216,2020-06-05 06:20:00,20.0,10.0
217,2020-06-05 06:40:00,20.0,49.0
218,2020-06-05 07:00:00,20.0,17.0
219,2020-06-05 07:20:00,15.0,43.0
220,2020-06-05 07:35:00,15.0,44.0
221,2020-06-05 07:50:00,15.0,30.0
222,2020-06-05 08:05:00,15.0,24.0
223,2020-06-05 08:20:00,20.0,85.0
224,2020-06-05 08:40:00,20.0,37.0
225,2020-06-05 09:00:00,20.0,43.0
226,2020-06-05 09:20:00,20.0,2.0
227,2020-06-05 09:40:00,20.0,10.0
228,2020-06-05 10:00:00,20.0,103.0
229,2020-06-05 10:20:00,20.0,144.0
230,2020-06-05 10:40:00,20.0,112.0
231,2020-06-05 11:00:00,20.0,67.0
232,2020-06-05 11:20:00,20.0,74.0
233,2020-06-05 11:40:00,20.0,4.0
234,2020-06-05 12:00:00,20.0,151.0
235,2020-06-05 13:20:00,20.0,11.0
236,2020-06-05 13:40:00,20.0,42.0
237,2020-06-05 14:00:00,20.0,61.0
238,2020-06-05 14:20:00,20.0,105.0
239,2020-06-05 14:40:00,20.0,53.0
240,2020-06-05 15:00:00,20.0,18.0
241,2020-06-05 15:20:00,20.0,25.0
242,2020-06-05 15:40:00,20.0,40.0
243,2020-06-05 16:00:00,20.0,37.0
244,2020-06-05 16:20:00,20.0,32.0
245,2020-06-05 16:40:00,20.0,54.0
246,2020-06-05 17:00:00,20.0,36.0
247,2020-06-05 17:20:00,20.0,8.0
248,2020-06-05 17:40:00,20.0,14.0
249,2020-06-05 18:00:00,20.0,175.0
250,2020-06-05 18:20:00,20.0,114.0
251,2020-06-05 18:40:00,20.0,77.0
252,2020-06-05 19:00:00,20.0,41.0
253,2020-06-05 19:20:00,20.0,2.0
254,2020-06-05 19:40:00,20.0,18.0
255,2020-06-05 20:00:00,20.0,17.0
256,2020-06-05 20:20:00,20.0,36.0
257,2020-06-05 20:40:00,20.0,31.0
258,2020-06-05 21:00:00,20.0,17.0
259,2020-06-05 21:20:00,20.0,17.0
260,2020-06-05 21:40:00,20.0,19.0
261,2020-06-05 22:00:00,20.0,44.0
262,2020-06-05 22:20:00,20.0,49.0
263,2020-06-05 22:40:00,20.0,25.0
264,2020-06-05 23:00:00,20.0,28.0
265,2020-06-06 00:20:00,20.0,47.0
266,2020-06-06 00:40:00,20.0,48.0
267,2020-06-06 01:00:00,20.0,99.0
268,2020-06-06 01:20:00,20.0,10.0
269,2020-06-06 01:40:00,15.916666666666664,116.0
270,2020-06-06 02:00:00,20.0,116.0
271,2020-06-06 06:20:00,20.0,62.0
272,2020-06-06 06:40:00,20.0,78.0
273,2020-06-06 07:00:00,20.0,152.0
274,2020-06-06 07:20:00,20.0,60.0
275,2020-06-06 07:40:00,20.0,157.0
276,2020-06-06 08:00:00,20.0,78.0
277,2020-06-06 08:20:00,30.0,110.0
278,2020-06-06 08:50:00,30.0,90.0
279,2020-06-06 09:20:00,20.0,16.0
280,2020-06-06 09:40:00,20.0,104.0
281,2020-06-06 10:00:00,20.0,146.0
282,2020-06-06 10:20:00,20.0,71.0
283,2020-06-06 10:40:00,20.0,190.0
284,2020-06-06 11:00:00,20.0,140.0
285,2020-06-06 11:20:00,20.0,216.0
286,2020-06-06 11:40:00,20.0,52.0
287,2020-06-06 12:00:00,20.0,31.0
288,2020-06-06 12:20:00,20.0,133.0
289,2020-06-06 12:40:00,20.0,20.0
290,2020-06-06 13:00:00,20.0,198.0
291,2020-06-06 13:20:00,20.0,70.0
292,2020-06-06 13:40:00,20.0,156.0
293,2020-06-06 14:00:00,20.0,179.0
294,2020-06-06 14:20:00,20.0,129.0
295,2020-06-06 14:40:00,20.0,122.0
296,2020-06-06 15:00:00,20.0,2.0
297,2020-06-06 15:20:00,30.0,18.0
298,2020-06-06 15:50:00,30.0,25.0
299,2020-06-06 16:20:00,20.0,11.0
300,2020-06-06 16:40:00,20.0,191.0
301,2020-06-06 17:00:00,20.0,191.0
302,2020-06-06 17:20:00,20.0,158.0
303,2020-06-06 17:40:00,20.0,42.0
304,2020-06-06 19:20:00,20.0,2.0
305,2020-06-06 19:40:00,20.0,18.0
306,2020-06-06 20:00:00,20.0,81.0
307,2020-06-06 20:20:00,20.0,15.0
308,2020-06-06 20:40:00,20.0,14.0
309,2020-06-06 21:00:00,20.0,99.0
310,2020-06-06 21:20:00,20.0,99.0
311,2020-06-06 21:40:00,20.0,1.0
312,2020-06-06 22:00:00,20.0,29.0
313,2020-06-06 22:20:00,20.0,8.0
314,2020-06-06 22:40:00,20.0,27.0
315,2020-06-06 23:00:00,20.0,24.0
316,2020-06-06 23:20:00,20.0,177.0
317,2020-06-06 23:40:00,20.0,120.0
318,2020-06-07 00:00:00,20.0,87.0
319,2020-06-07 00:20:00,20.0,22.0
320,2020-06-07 00:40:00,20.0,88.0
321,2020-06-07 01:00:00,20.0,63.0
322,2020-06-07 01:20:00,20.0,130.0
323,2020-06-07 01:40:00,15.933333333333335,115.0
324,2020-06-07 02:00:00,20.0,82.0
325,2020-06-07 06:20:00,20.0,79.0
326,2020-06-07 06:40:00,20.0,96.0
327,2020-06-07 07:00:00,20.0,130.0
328,2020-06-07 07:20:00,30.1,63.0
329,2020-06-07 07:50:00,30.1,204.0
330,2020-06-07 08:20:00,20.0,118.0
331,2020-06-07 08:40:00,20.0,145.0
332,2020-06-07 09:00:00,20.0,90.0
333,2020-06-07 09:20:00,20.0,102.0
334,2020-06-07 09:40:00,20.0,78.0
335,2020-06-07 10:00:00,20.0,79.0
336,2020-06-07 10:20:00,20.0,117.0
337,2020-06-07 10:40:00,20.0,149.0
338,2020-06-07 11:00:00,20.0,184.0
339,2020-06-07 11:20:00,20.0,163.0
340,2020-06-07 11:40:00,20.0,137.0
341,2020-06-07 12:00:00,20.0,100.0
342,2020-06-07 12:20:00,20.0,56.0
343,2020-06-07 12:40:00,20.0,121.0
344,2020-06-07 13:00:00,20.0,20.0
345,2020-06-07 13:20:00,30.0,6.0
346,2020-06-07 13:50:00,30.0,181.0
347,2020-06-07 14:20:00,20.0,108.0
348,2020-06-07 14:40:00,20.0,150.0
349,2020-06-07 15:00:00,20.0,10.0
350,2020-06-07 16:20:00,20.0,51.0
351,2020-06-07 16:40:00,20.0,151.0
352,2020-06-07 17:00:00,20.0,136.0
353,2020-06-07 17:20:00,20.0,149.0
354,2020-06-07 17:40:00,20.0,79.0
355,2020-06-07 18:00:00,20.0,119.0
356,2020-06-07 18:20:00,20.0,92.0
357,2020-06-07 18:40:00,20.0,68.0
358,2020-06-07 19:00:00,20.0,25.0
359,2020-06-07 19:20:00,20.0,0.0
360,2020-06-07 19:40:00,20.0,13.0
361,2020-06-07 20:00:00,20.0,21.0
362,2020-06-07 20:20:00,20.0,150.0
363,2020-06-07 20:40:00,20.0,194.0
364,2020-06-07 21:00:00,20.0,45.0
365,2020-06-07 21:20:00,20.0,38.0
366,2020-06-07 21:40:00,20.0,34.0
367,2020-06-07 22:00:00,20.0,15.0
368,2020-06-07 22:20:00,20.0,30.0
369,2020-06-07 22:40:00,20.0,20.0
370,2020-06-07 23:00:00,20.0,1.0
371,2020-06-07 23:20:00,20.0,100.0
372,2020-06-07 23:40:00,20.0,17.0
373,2020-06-08 00:00:00,20.0,163.0
374,2020-06-08 00:20:00,20.0,83.0
375,2020-06-08 00:40:00,20.0,138.0
376,2020-06-08 01:00:00,20.0,17.0
377,2020-06-08 01:20:00,20.0,28.0
378,2020-06-08 01:40:00,15.916666666666664,67.0
379,2020-06-08 06:20:00,20.0,28.0
380,2020-06-08 06:40:00,20.0,3.0
381,2020-06-08 07:00:00,20.0,62.0
382,2020-06-08 07:20:00,20.0,50.0
383,2020-06-08 07:40:00,20.0,51.0
384,2020-06-08 08:00:00,20.0,74.0
385,2020-06-08 08:20:00,20.0,53.0
386,2020-06-08 08:40:00,20.0,35.0
387,2020-06-08 09:00:00,20.0,32.0
388,2020-06-08 09:20:00,20.0,39.0
389,2020-06-08 09:40:00,20.0,46.0
390,2020-06-08 10:00:00,20.0,153.0
391,2020-06-08 10:20:00,20.0,187.0
392,2020-06-08 10:40:00,20.0,131.0
393,2020-06-08 11:00:00,20.0,73.0
394,2020-06-08 11:20:00,20.0,108.0
395,2020-06-08 11:40:00,20.0,129.0
396,2020-06-08 12:00:00,20.0,76.0
397,2020-06-08 12:20:00,20.0,33.0
398,2020-06-08 12:40:00,20.0,164.0
399,2020-06-08 13:00:00,20.0,72.0
400,2020-06-08 13:20:00,20.0,91.0
401,2020-06-08 13:40:00,20.0,88.0
402,2020-06-08 14:00:00,20.0,79.0
403,2020-06-08 14:20:00,20.0,62.0
404,2020-06-08 14:40:00,20.0,113.0
405,2020-06-08 15:00:00,20.0,18.0
406,2020-06-08 15:20:00,20.0,2.0
407,2020-06-08 15:40:00,20.0,18.0
408,2020-06-08 16:00:00,20.0,11.0
409,2020-06-08 16:20:00,20.0,59.0
410,2020-06-08 16:40:00,20.0,108.0
411,2020-06-08 17:00:00,20.0,33.0
412,2020-06-08 17:20:00,20.0,39.0
413,2020-06-08 17:40:00,20.0,27.0
414,2020-06-08 18:00:00,20.0,0.0
415,2020-06-08 18:20:00,20.0,206.0
416,2020-06-08 18:40:00,20.0,196.0
417,2020-06-08 19:00:00,20.0,2.0
418,2020-06-08 19:20:00,20.0,2.0
419,2020-06-08 19:40:00,20.0,10.0
420,2020-06-08 20:00:00,20.0,63.0
421,2020-06-08 20:20:00,20.0,60.0
422,2020-06-08 20:40:00,20.0,20.0
423,2020-06-08 21:00:00,20.0,21.0
424,2020-06-08 21:20:00,20.0,24.0
425,2020-06-08 21:40:00,20.0,3.0
426,2020-06-08 22:00:00,20.0,4.0
427,2020-06-08 22:20:00,20.0,17.0
428,2020-06-08 22:40:00,20.0,18.0
429,2020-06-08 23:00:00,20.0,52.0
430,2020-06-09 00:20:00,20.0,166.0
431,2020-06-09 00:40:00,20.0,165.0
432,2020-06-09 01:00:00,20.0,109.0
433,2020-06-09 06:20:00,20.0,17.0
434,2020-06-09 06:40:00,20.0,17.0
435,2020-06-09 07:00:00,20.0,30.0
436,2020-06-09 07:20:00,20.0,63.0
437,2020-06-09 07:40:00,20.0,60.0
438,2020-06-09 08:00:00,20.0,11.0
439,2020-06-09 08:20:00,20.0,186.0
440,2020-06-09 08:40:00,20.0,42.0
441,2020-06-09 09:00:00,20.0,11.0
442,2020-06-09 09:20:00,15.0,20.0
443,2020-06-09 09:35:00,15.0,42.0
444,2020-06-09 09:50:00,15.0,21.0
445,2020-06-09 10:05:00,15.0,185.0
446,2020-06-09 10:20:00,20.0,208.0
447,2020-06-09 10:40:00,20.0,141.0
448,2020-06-09 11:00:00,20.0,174.0
449,2020-06-09 11:20:00,20.0,11.0
450,2020-06-09 11:40:00,20.0,150.0
451,2020-06-09 12:00:00,20.0,196.0
452,2020-06-09 13:20:00,20.0,39.0
453,2020-06-09 13:40:00,20.0,13.0
454,2020-06-09 14:00:00,20.0,87.0
455,2020-06-09 14:20:00,20.0,92.0
456,2020-06-09 14:40:00,20.0,106.0
457,2020-06-09 15:00:00,20.0,2.0
458,2020-06-09 15:20:00,10.0,10.0
459,2020-06-09 15:30:00,10.0,2.0
460,2020-06-09 15:40:00,10.0,10.0
461,2020-06-09 15:50:00,10.0,6.0
462,2020-06-09 16:00:00,10.0,42.0
463,2020-06-09 16:10:00,10.0,86.0
464,2020-06-09 16:20:00,20.0,61.0
465,2020-06-09 16:40:00,20.0,21.0
466,2020-06-09 17:00:00,20.0,0.0
467,2020-06-09 17:20:00,20.0,47.0
468,2020-06-09 17:40:00,20.0,38.0
469,2020-06-09 18:00:00,20.0,154.0
470,2020-06-09 18:20:00,20.0,168.0
471,2020-06-09 18:40:00,20.0,201.0
472,2020-06-09 19:00:00,20.0,2.0
473,2020-06-09 19:20:00,20.0,2.0
474,2020-06-09 19:40:00,20.0,2.0
475,2020-06-09 20:00:00,20.0,32.0
476,2020-06-09 20:20:00,20.0,31.0
477,2020-06-09 20:40:00,20.0,100.0
478,2020-06-09 21:00:00,20.0,37.0
479,2020-06-09 21:20:00,20.0,38.0
480,2020-06-09 21:40:00,20.0,29.0
481,2020-06-09 22:00:00,20.0,1.0
482,2020-06-09 22:20:00,20.0,7.0
483,2020-06-09 22:40:00,20.0,6.0
484,2020-06-09 23:00:00,20.0,65.0
485,2020-06-10 00:20:00,20.0,7.0
486,2020-06-10 00:40:00,20.0,109.0
487,2020-06-10 01:00:00,20.0,57.0
488,2020-06-10 01:20:00,20.0,26.0
489,2020-06-10 01:40:00,16.183333333333334,85.0
490,2020-06-10 02:00:00,20.0,60.0
491,2020-06-10 06:20:00,20.0,39.0
492,2020-06-10 06:40:00,20.0,6.0
493,2020-06-10 07:00:00,20.0,103.0
494,2020-06-10 07:20:00,20.0,112.0
495,2020-06-10 07:40:00,20.0,71.0
496,2020-06-10 08:00:00,20.0,77.0
497,2020-06-10 08:20:00,20.0,175.0
498,2020-06-10 08:40:00,20.0,67.0
499,2020-06-10 09:00:00,20.0,66.0
500,2020-06-10 09:20:00,20.0,20.0
501,2020-06-10 09:40:00,20.0,6.0
502,2020-06-10 10:00:00,20.0,178.0
503,2020-06-10 10:20:00,20.0,72.0
504,2020-06-10 10:40:00,20.0,96.0
505,2020-06-10 11:00:00,20.0,132.0
506,2020-06-10 11:20:00,20.0,121.0
507,2020-06-10 11:40:00,20.0,100.0
508,2020-06-10 12:00:00,20.0,144.0
509,2020-06-10 12:20:00,20.0,103.0
510,2020-06-10 12:40:00,20.0,112.0
511,2020-06-10 13:00:00,20.0,92.0
512,2020-06-10 14:20:00,20.0,72.0
513,2020-06-10 14:40:00,20.0,96.0
514,2020-06-10 15:00:00,20.0,0.0
515,2020-06-10 15:20:00,20.0,5.0
516,2020-06-10 15:40:00,20.0,8.0
517,2020-06-10 16:00:00,20.0,187.0
518,2020-06-10 16:20:00,20.0,148.0
519,2020-06-10 16:40:00,20.0,155.0
520,2020-06-10 17:00:00,20.0,58.0
521,2020-06-10 17:20:00,20.0,30.0
522,2020-06-10 17:40:00,20.0,51.0
523,2020-06-10 18:00:00,20.0,91.0
524,2020-06-10 18:20:00,20.0,46.0
525,2020-06-10 18:40:00,20.0,39.0
526,2020-06-10 19:00:00,20.0,10.0
527,2020-06-10 19:20:00,20.0,1.0
528,2020-06-10 19:40:00,20.0,7.0
529,2020-06-10 20:00:00,20.0,86.0
530,2020-06-10 20:20:00,20.0,81.0
531,2020-06-10 20:40:00,20.0,56.0
532,2020-06-10 21:00:00,20.0,37.0
533,2020-06-10 21:20:00,20.0,3.0
534,2020-06-10 21:40:00,20.0,26.0
535,2020-06-10 22:00:00,20.0,17.0
536,2020-06-10 22:20:00,20.0,1.0
537,2020-06-10 22:40:00,20.0,17.0
538,2020-06-10 23:00:00,20.0,77.0
539,2020-06-10 23:20:00,20.0,39.0
540,2020-06-10 23:40:00,20.0,48.0
541,2020-06-11 00:00:00,20.0,17.0
542,2020-06-11 00:20:00,20.0,74.0
543,2020-06-11 00:40:00,20.0,68.0
544,2020-06-11 01:00:00,20.0,74.0
545,2020-06-11 06:20:00,20.0,4.0
546,2020-06-11 06:40:00,20.0,26.0
547,2020-06-11 07:00:00,20.0,48.0
548,2020-06-11 07:20:00,20.0,5.0
549,2020-06-11 07:40:00,20.0,13.0
550,2020-06-11 08:00:00,20.0,111.0
551,2020-06-11 08:20:00,20.0,34.0
552,2020-06-11 08:40:00,20.0,65.0
553,2020-06-11 09:00:00,20.0,34.0
554,2020-06-11 09:20:00,20.0,29.0
555,2020-06-11 09:40:00,20.0,38.0
556,2020-06-11 10:00:00,20.0,96.0
557,2020-06-11 10:20:00,30.0,178.0
558,2020-06-11 10:50:00,30.0,181.0
559,2020-06-11 11:20:00,20.0,194.0
560,2020-06-11 11:40:00,20.0,21.0
561,2020-06-11 12:00:00,20.0,147.0
562,2020-06-11 13:20:00,20.0,90.0
563,2020-06-11 13:40:00,20.0,78.0
564,2020-06-11 14:00:00,20.0,114.0
565,2020-06-11 14:20:00,10.0,54.0
566,2020-06-11 14:30:00,10.0,32.0
567,2020-06-11 14:40:00,10.0,13.0
568,2020-06-11 14:50:00,10.0,31.0
569,2020-06-11 15:00:00,10.0,4.0
570,2020-06-11 15:10:00,10.0,7.0
571,2020-06-11 15:20:00,20.0,13.0
572,2020-06-11 15:40:00,20.0,9.0
573,2020-06-11 16:00:00,20.0,147.0
574,2020-06-11 16:20:00,20.0,4.0
575,2020-06-11 16:40:00,20.0,132.0
576,2020-06-11 17:00:00,20.0,0.0
577,2020-06-11 17:20:00,20.0,46.0
578,2020-06-11 17:40:00,20.0,27.0
579,2020-06-11 18:00:00,18.483333333333334,57.0
580,2020-06-11 18:20:00,20.0,167.0
581,2020-06-11 18:40:00,20.0,67.0
582,2020-06-11 19:00:00,20.0,0.0
583,2020-06-11 19:20:00,20.0,6.0
584,2020-06-11 19:40:00,20.0,5.0
585,2020-06-11 20:00:00,20.0,108.0
586,2020-06-11 20:20:00,20.0,59.0
587,2020-06-11 20:40:00,20.0,100.0
588,2020-06-11 21:00:00,20.0,1.0
589,2020-06-11 21:20:00,20.0,23.0
590,2020-06-11 21:40:00,20.0,16.0
591,2020-06-11 22:00:00,20.0,17.0
592,2020-06-11 22:20:00,20.0,4.0
593,2020-06-11 22:40:00,20.0,21.0
594,2020-06-11 23:00:00,20.0,32.0
595,2020-06-11 23:20:00,20.0,20.0
596,2020-06-11 23:40:00,20.0,9.0
597,2020-06-12 00:00:00,20.0,28.0
598,2020-06-12 01:20:00,20.0,14.0
599,2020-06-12 01:40:00,13.1,24.0
600,2020-06-12 02:00:00,20.0,36.0
601,2020-06-12 06:20:00,20.0,10.0
602,2020-06-12 06:40:00,20.0,24.0
603,2020-06-12 07:00:00,20.0,26.0
604,2020-06-12 07:20:00,20.0,4.0
605,2020-06-12 07:40:00,20.0,37.0
606,2020-06-12 08:00:00,20.0,10.0
607,2020-06-12 08:20:00,20.0,43.0
608,2020-06-12 08:40:00,20.0,101.0
609,2020-06-12 09:00:00,20.0,43.0
610,2020-06-12 09:20:00,20.0,15.0
611,2020-06-12 09:40:00,20.0,8.0
612,2020-06-12 10:00:00,20.0,112.0
613,2020-06-12 10:20:00,20.0,58.0
614,2020-06-12 10:40:00,20.0,94.0
615,2020-06-12 11:00:00,20.0,101.0
616,2020-06-12 11:20:00,20.0,98.0
617,2020-06-12 11:40:00,20.0,55.0
618,2020-06-12 12:00:00,20.0,128.0
619,2020-06-12 13:20:00,20.0,42.0
620,2020-06-12 13:40:00,20.0,59.0
621,2020-06-12 14:00:00,20.0,57.0
622,2020-06-12 14:20:00,20.0,28.0
623,2020-06-12 14:40:00,20.0,61.0
624,2020-06-12 15:00:00,20.0,2.0
625,2020-06-12 15:20:00,20.0,1.0
626,2020-06-12 15:40:00,20.0,2.0
627,2020-06-12 16:00:00,20.0,35.0
628,2020-06-12 16:20:00,20.0,59.0
629,2020-06-12 16:40:00,20.0,61.0
630,2020-06-12 17:00:00,20.0,4.0
631,2020-06-12 17:20:00,20.0,21.0
632,2020-06-12 17:40:00,20.0,15.0
633,2020-06-12 18:00:00,20.0,77.0
634,2020-06-12 18:20:00,20.0,50.0
635,2020-06-12 18:40:00,20.0,52.0
636,2020-06-12 19:00:00,20.0,2.0
637,2020-06-12 19:20:00,20.0,2.0
638,2020-06-12 19:40:00,20.0,2.0
639,2020-06-12 20:00:00,20.0,21.0
640,2020-06-12 20:20:00,20.0,15.0
641,2020-06-12 20:40:00,20.0,5.0
642,2020-06-12 21:00:00,20.0,1.0
643,2020-06-12 21:20:00,20.0,26.0
644,2020-06-12 21:40:00,20.0,4.0
645,2020-06-12 22:00:00,20.0,4.0
646,2020-06-12 22:20:00,20.0,0.0
647,2020-06-12 22:40:00,20.0,1.0
648,2020-06-12 23:00:00,20.0,4.0
649,2020-06-13 00:20:00,20.0,215.0
650,2020-06-13 00:40:00,20.0,23.0
651,2020-06-13 01:00:00,20.0,19.0
652,2020-06-13 06:20:00,20.0,93.0
653,2020-06-13 06:40:00,20.0,33.0
654,2020-06-13 07:00:00,20.0,93.0
655,2020-06-13 07:20:00,20.0,209.0
656,2020-06-13 07:40:00,20.0,125.0
657,2020-06-13 08:00:00,20.0,19.0
658,2020-06-13 08:20:00,20.0,182.0
659,2020-06-13 08:40:00,20.0,102.0
660,2020-06-13 09:00:00,20.0,23.0
661,2020-06-13 09:20:00,20.0,70.0
662,2020-06-13 09:40:00,20.0,82.0
663,2020-06-13 10:00:00,20.0,143.0
664,2020-06-13 10:20:00,20.0,205.0
665,2020-06-13 10:40:00,20.0,192.0
666,2020-06-13 11:00:00,20.0,98.0
667,2020-06-13 11:20:00,20.0,55.0
668,2020-06-13 11:40:00,20.0,162.0
669,2020-06-13 12:00:00,20.0,206.0
670,2020-06-13 12:20:00,20.0,161.0
671,2020-06-13 12:40:00,20.0,39.0
672,2020-06-13 13:00:00,20.0,171.0
673,2020-06-13 13:20:00,30.0,204.0
674,2020-06-13 13:50:00,30.0,92.0
675,2020-06-13 14:20:00,30.0,87.0
676,2020-06-13 14:50:00,30.0,13.0
677,2020-06-13 15:20:00,20.0,21.0
678,2020-06-13 15:40:00,20.0,4.0
679,2020-06-13 16:00:00,20.0,35.0
680,2020-06-13 16:20:00,20.0,95.0
681,2020-06-13 16:40:00,20.0,73.0
682,2020-06-13 17:00:00,20.0,87.0
683,2020-06-13 17:20:00,20.0,68.0
684,2020-06-13 17:40:00,20.0,115.0
685,2020-06-13 18:20:00,20.0,166.0
686,2020-06-13 18:40:00,20.0,124.0
687,2020-06-13 19:00:00,20.0,19.0
688,2020-06-13 19:20:00,20.0,13.0
689,2020-06-13 19:40:00,20.0,19.0
690,2020-06-13 20:00:00,20.0,55.0
691,2020-06-13 20:20:00,30.0,162.0
692,2020-06-13 20:50:00,30.0,98.0
693,2020-06-13 21:20:00,20.0,104.0
694,2020-06-13 21:40:00,20.0,16.0
695,2020-06-13 22:00:00,20.0,13.0
696,2020-06-13 22:20:00,20.0,0.0
697,2020-06-13 22:40:00,20.0,23.0
698,2020-06-13 23:00:00,20.0,189.0
699,2020-06-14 01:20:00,20.0,65.0
700,2020-06-14 01:40:00,15.666666666666664,209.0
701,2020-06-14 02:00:00,20.0,23.0
702,2020-06-14 06:20:00,20.0,71.0
703,2020-06-14 06:40:00,20.0,27.0
704,2020-06-14 07:00:00,20.0,30.0
705,2020-06-14 07:20:00,20.0,110.0
706,2020-06-14 07:40:00,20.0,102.0
707,2020-06-14 08:00:00,20.0,97.0
708,2020-06-14 08:20:00,20.0,36.0
709,2020-06-14 08:40:00,20.0,8.0
710,2020-06-14 09:00:00,20.0,70.0
711,2020-06-14 09:20:00,20.0,23.0
712,2020-06-14 09:40:00,20.0,104.0
713,2020-06-14 10:00:00,20.0,69.0
714,2020-06-14 10:20:00,20.0,193.0
715,2020-06-14 10:40:00,20.0,197.0
716,2020-06-14 11:00:00,20.0,24.0
717,2020-06-14 11:20:00,20.0,180.0
718,2020-06-14 11:40:00,20.0,107.0
719,2020-06-14 12:00:00,20.0,204.0
720,2020-06-14 12:20:00,20.0,168.0
721,2020-06-14 12:40:00,20.0,171.0
722,2020-06-14 13:00:00,20.0,45.0
723,2020-06-14 13:20:00,20.0,78.0
724,2020-06-14 13:40:00,20.0,127.0
725,2020-06-14 14:00:00,20.0,22.0
726,2020-06-14 14:20:00,20.0,119.0
727,2020-06-14 14:40:00,20.0,47.0
728,2020-06-14 15:00:00,20.0,1.0
729,2020-06-14 15:20:00,20.0,26.0
730,2020-06-14 15:40:00,20.0,3.0
731,2020-06-14 16:00:00,20.0,105.0
732,2020-06-14 16:20:00,20.0,21.0
733,2020-06-14 16:40:00,20.0,194.0
734,2020-06-14 17:00:00,20.0,137.0
735,2020-06-14 17:20:00,20.0,208.0
736,2020-06-14 17:40:00,20.0,193.0
737,2020-06-14 18:00:00,20.0,27.0
738,2020-06-14 18:20:00,20.0,60.0
739,2020-06-14 18:40:00,20.0,157.0
740,2020-06-14 19:00:00,20.0,10.0
741,2020-06-14 19:20:00,30.0,21.0
742,2020-06-14 19:50:00,30.0,3.0
743,2020-06-14 20:20:00,20.0,29.0
744,2020-06-14 20:40:00,20.0,102.0
745,2020-06-14 21:00:00,20.0,67.0
746,2020-06-14 21:20:00,20.0,3.0
747,2020-06-14 21:40:00,20.0,95.0
748,2020-06-14 22:00:00,20.0,31.0
749,2020-06-14 22:20:00,20.0,6.0
750,2020-06-14 22:40:00,20.0,9.0
751,2020-06-14 23:00:00,20.0,129.0
752,2020-06-15 00:20:00,20.0,210.0
753,2020-06-15 00:40:00,20.0,213.0
754,2020-06-15 01:00:00,20.0,3.0
755,2020-06-15 06:20:00,20.0,11.0
756,2020-06-15 06:40:00,20.0,7.0
757,2020-06-15 07:00:00,20.0,53.0
758,2020-06-15 07:20:00,20.0,58.0
759,2020-06-15 07:40:00,20.0,67.0
760,2020-06-15 08:00:00,20.0,114.0
761,2020-06-15 08:20:00,20.0,38.0
762,2020-06-15 08:40:00,20.0,47.0
763,2020-06-15 09:00:00,20.0,9.0
764,2020-06-15 09:20:00,20.0,22.0
765,2020-06-15 09:40:00,20.0,12.0
766,2020-06-15 10:00:00,20.0,148.0
767,2020-06-15 10:20:00,20.0,158.0
768,2020-06-15 10:40:00,20.0,72.0
769,2020-06-15 11:00:00,20.0,105.0
770,2020-06-15 11:20:00,20.0,185.0
771,2020-06-15 11:40:00,20.0,177.0
772,2020-06-15 12:00:00,20.0,12.0
773,2020-06-15 12:20:00,20.0,46.0
774,2020-06-15 12:40:00,20.0,0.0
775,2020-06-15 13:00:00,20.0,42.0
776,2020-06-15 13:20:00,20.0,75.0
777,2020-06-15 13:40:00,20.0,105.0
778,2020-06-15 14:00:00,20.0,88.0
779,2020-06-15 14:20:00,20.0,91.0
780,2020-06-15 14:40:00,20.0,96.0
781,2020-06-15 15:00:00,20.0,3.0
782,2020-06-15 15:20:00,20.0,3.0
783,2020-06-15 15:40:00,20.0,11.0
784,2020-06-15 16:00:00,20.0,83.0
785,2020-06-15 16:20:00,20.0,50.0
786,2020-06-15 16:40:00,20.0,52.0
787,2020-06-15 17:00:00,20.0,31.0
788,2020-06-15 17:20:00,20.0,12.0
789,2020-06-15 17:40:00,20.0,22.0
790,2020-06-15 18:00:00,20.0,12.0
791,2020-06-15 19:20:00,20.0,3.0
792,2020-06-15 19:40:00,20.0,3.0
793,2020-06-15 20:00:00,20.0,28.0
794,2020-06-15 20:20:00,20.0,57.0
795,2020-06-15 20:40:00,20.0,68.0
796,2020-06-15 21:00:00,20.0,8.0
797,2020-06-15 21:20:00,20.0,45.0
798,2020-06-15 21:40:00,20.0,27.0
799,2020-06-15 22:00:00,20.0,11.0
800,2020-06-15 22:20:00,20.0,15.0
801,2020-06-15 22:40:00,20.0,1.0
802,2020-06-15 23:00:00,20.0,30.0
803,2020-06-16 01:20:00,20.0,86.0
804,2020-06-16 01:40:00,15.916666666666664,36.0
805,2020-06-16 02:00:00,20.0,8.0
806,2020-06-16 06:20:00,20.0,28.0
807,2020-06-16 06:40:00,20.0,9.0
808,2020-06-16 07:00:00,20.0,6.0
809,2020-06-16 07:20:00,20.0,13.0
810,2020-06-16 07:40:00,20.0,39.0
811,2020-06-16 08:00:00,20.0,175.0
812,2020-06-16 08:20:00,20.0,3.0
813,2020-06-16 08:40:00,20.0,180.0
814,2020-06-16 09:00:00,20.0,0.0
815,2020-06-16 09:20:00,20.0,16.0
816,2020-06-16 09:40:00,20.0,31.0
817,2020-06-16 10:00:00,20.0,202.0
818,2020-06-16 10:20:00,20.0,191.0
819,2020-06-16 10:40:00,20.0,214.0
820,2020-06-16 11:00:00,20.0,94.0
821,2020-06-16 11:20:00,20.0,173.0
822,2020-06-16 11:40:00,20.0,151.0
823,2020-06-16 12:00:00,20.0,167.0
824,2020-06-16 12:20:00,20.0,57.0
825,2020-06-16 12:40:00,20.0,135.0
826,2020-06-16 13:00:00,20.0,11.0
827,2020-06-16 14:20:00,20.0,66.0
828,2020-06-16 14:40:00,20.0,39.0
829,2020-06-16 15:00:00,20.0,6.0
830,2020-06-16 15:20:00,20.0,9.0
831,2020-06-16 15:40:00,20.0,5.0
832,2020-06-16 16:00:00,20.0,110.0
833,2020-06-16 16:20:00,20.0,63.0
834,2020-06-16 16:40:00,20.0,60.0
835,2020-06-16 17:00:00,20.0,48.0
836,2020-06-16 17:20:00,20.0,6.0
837,2020-06-16 17:40:00,20.0,9.0
838,2020-06-16 18:00:00,20.0,92.0
839,2020-06-16 18:20:00,20.0,207.0
840,2020-06-16 18:40:00,20.0,119.0
841,2020-06-16 19:00:00,20.0,0.0
842,2020-06-16 19:20:00,20.0,0.0
843,2020-06-16 19:40:00,20.0,2.0
844,2020-06-16 20:00:00,20.0,53.0
845,2020-06-16 20:20:00,20.0,3.0
846,2020-06-16 20:40:00,20.0,93.0
847,2020-06-16 21:00:00,20.0,1.0
848,2020-06-16 21:20:00,20.0,10.0
849,2020-06-16 21:40:00,20.0,3.0
850,2020-06-16 22:00:00,20.0,5.0
851,2020-06-16 22:20:00,20.0,9.0
852,2020-06-16 22:40:00,20.0,12.0
853,2020-06-16 23:00:00,20.0,38.0
854,2020-06-17 01:20:00,20.0,89.0
855,2020-06-17 01:40:00,15.433333333333335,7.0
856,2020-06-17 02:00:00,20.0,65.0
857,2020-06-17 06:20:00,20.0,33.0
858,2020-06-17 06:40:00,20.0,51.0
859,2020-06-17 07:00:00,20.0,58.0
860,2020-06-17 07:20:00,20.0,69.0
861,2020-06-17 07:40:00,20.0,103.0
862,2020-06-17 08:00:00,20.0,205.0
863,2020-06-17 08:20:00,20.0,113.0
864,2020-06-17 08:40:00,20.0,192.0
865,2020-06-17 09:00:00,20.0,54.0
866,2020-06-17 09:20:00,20.0,22.0
867,2020-06-17 09:40:00,20.0,39.0
868,2020-06-17 10:00:00,20.0,149.0
869,2020-06-17 10:20:00,20.0,117.0
870,2020-06-17 10:40:00,20.0,79.0
871,2020-06-17 11:00:00,20.0,183.0
872,2020-06-17 11:20:00,20.0,27.0
873,2020-06-17 11:40:00,20.0,146.0
874,2020-06-17 12:00:00,20.0,158.0
875,2020-06-17 12:20:00,20.0,187.0
876,2020-06-17 12:40:00,20.0,131.0
877,2020-06-17 13:00:00,20.0,22.0
878,2020-06-17 13:20:00,20.0,12.0
879,2020-06-17 13:40:00,20.0,46.0
880,2020-06-17 14:00:00,20.0,113.0
881,2020-06-17 14:20:00,20.0,79.0
882,2020-06-17 14:40:00,20.0,71.0
883,2020-06-17 15:00:00,20.0,11.0
884,2020-06-17 15:20:00,20.0,12.0
885,2020-06-17 15:40:00,20.0,5.0
886,2020-06-17 16:00:00,20.0,66.0
887,2020-06-17 16:20:00,20.0,88.0
888,2020-06-17 16:40:00,20.0,0.0
889,2020-06-17 17:00:00,20.0,62.0
890,2020-06-17 17:20:00,10.0,63.0
891,2020-06-17 17:30:00,10.0,50.0
892,2020-06-17 17:40:00,10.0,60.0
893,2020-06-17 17:50:00,10.0,52.0
894,2020-06-17 18:00:00,10.0,13.0
895,2020-06-17 18:10:00,10.0,5.0
896,2020-06-17 19:20:00,20.0,5.0
897,2020-06-17 19:40:00,20.0,5.0
898,2020-06-17 20:00:00,20.0,51.0
899,2020-06-17 20:20:00,20.0,94.0
900,2020-06-17 20:40:00,20.0,20.0
901,2020-06-17 21:00:00,20.0,16.0
902,2020-06-17 21:20:00,20.0,31.0
903,2020-06-17 21:40:00,20.0,32.0
904,2020-06-17 22:00:00,20.0,4.0
905,2020-06-17 22:20:00,10.0,10.0
906,2020-06-17 22:30:00,10.0,6.0
907,2020-06-17 22:40:00,10.0,5.0
908,2020-06-17 22:50:00,10.0,9.0
909,2020-06-17 23:00:00,10.0,12.0
910,2020-06-17 23:10:00,10.0,66.0
911,2020-06-18 01:20:00,20.0,26.0
912,2020-06-18 01:40:00,15.666666666666664,1.0
913,2020-06-18 02:00:00,20.0,15.0
914,2020-06-18 06:20:00,20.0,11.0
915,2020-06-18 06:40:00,20.0,7.0
916,2020-06-18 07:00:00,20.0,34.0
917,2020-06-18 07:20:00,20.0,45.0
918,2020-06-18 07:40:00,20.0,47.0
919,2020-06-18 08:00:00,20.0,36.0
920,2020-06-18 08:20:00,20.0,138.0
921,2020-06-18 08:40:00,20.0,29.0
922,2020-06-18 09:00:00,20.0,28.0
923,2020-06-18 09:20:00,20.0,31.0
924,2020-06-18 09:40:00,20.0,13.0
925,2020-06-18 10:00:00,20.0,62.0
926,2020-06-18 10:20:00,20.0,210.0
927,2020-06-18 10:40:00,20.0,197.0
928,2020-06-18 11:00:00,20.0,28.0
929,2020-06-18 11:20:00,20.0,1.0
930,2020-06-18 11:40:00,20.0,37.0
931,2020-06-18 12:00:00,20.0,51.0
932,2020-06-18 12:20:00,20.0,176.0
933,2020-06-18 12:40:00,20.0,170.0
934,2020-06-18 13:00:00,20.0,27.0
935,2020-06-18 13:20:00,20.0,45.0
936,2020-06-18 13:40:00,20.0,65.0
937,2020-06-18 14:00:00,20.0,83.0
938,2020-06-18 14:20:00,20.0,51.0
939,2020-06-18 14:40:00,20.0,50.0
940,2020-06-18 15:00:00,20.0,4.0
941,2020-06-18 15:20:00,20.0,0.0
942,2020-06-18 15:40:00,20.0,8.0
943,2020-06-18 16:00:00,20.0,36.0
944,2020-06-18 16:20:00,20.0,15.0
945,2020-06-18 16:40:00,20.0,14.0
946,2020-06-18 17:00:00,20.0,28.0
947,2020-06-18 17:20:00,20.0,35.0
948,2020-06-18 17:40:00,20.0,50.0
949,2020-06-18 18:00:00,20.0,8.0
950,2020-06-18 18:20:00,20.0,50.0
951,2020-06-18 18:40:00,20.0,52.0
952,2020-06-18 19:00:00,20.0,1.0
953,2020-06-18 19:20:00,20.0,4.0
954,2020-06-18 19:40:00,20.0,1.0
955,2020-06-18 20:00:00,20.0,90.0
956,2020-06-18 20:20:00,20.0,8.0
957,2020-06-18 20:40:00,20.0,27.0
958,2020-06-18 21:00:00,20.0,61.0
959,2020-06-18 21:20:00,20.0,7.0
960,2020-06-18 21:40:00,20.0,55.0
961,2020-06-18 22:00:00,20.0,14.0
962,2020-06-18 22:20:00,20.0,15.0
963,2020-06-18 22:40:00,20.0,11.0
964,2020-06-18 23:00:00,20.0,89.0
965,2020-06-19 01:20:00,20.0,24.0
966,2020-06-19 01:40:00,15.666666666666664,26.0
967,2020-06-19 02:00:00,20.0,26.0
968,2020-06-19 06:20:00,20.0,17.0
969,2020-06-19 06:40:00,20.0,7.0
970,2020-06-19 07:00:00,20.0,28.0
971,2020-06-19 07:20:00,20.0,15.0
972,2020-06-19 07:40:00,20.0,11.0
973,2020-06-19 08:00:00,20.0,116.0
974,2020-06-19 08:20:00,20.0,189.0
975,2020-06-19 08:40:00,20.0,98.0
976,2020-06-19 09:00:00,20.0,24.0
977,2020-06-19 09:20:00,20.0,9.0
978,2020-06-19 09:40:00,20.0,23.0
979,2020-06-19 10:00:00,20.0,28.0
980,2020-06-19 10:20:00,20.0,153.0
981,2020-06-19 10:40:00,20.0,57.0
982,2020-06-19 11:00:00,20.0,65.0
983,2020-06-19 11:20:00,20.0,45.0
984,2020-06-19 11:40:00,20.0,34.0
985,2020-06-19 12:00:00,20.0,188.0
986,2020-06-19 12:20:00,20.0,64.0
987,2020-06-19 12:40:00,20.0,184.0
988,2020-06-19 13:00:00,20.0,29.0
989,2020-06-19 13:20:00,20.0,51.0
990,2020-06-19 13:40:00,20.0,50.0
991,2020-06-19 14:00:00,20.0,11.0
992,2020-06-19 14:20:00,20.0,21.0
993,2020-06-19 14:40:00,20.0,42.0
994,2020-06-19 15:00:00,20.0,3.0
995,2020-06-19 15:20:00,20.0,4.0
996,2020-06-19 15:40:00,20.0,4.0
997,2020-06-19 16:00:00,20.0,47.0
998,2020-06-19 16:20:00,20.0,22.0
999,2020-06-19 16:40:00,20.0,9.0
1000,2020-06-19 17:00:00,20.0,30.0
1001,2020-06-19 17:20:00,20.0,45.0
1002,2020-06-19 17:40:00,20.0,15.0
1003,2020-06-19 18:00:00,20.0,202.0
1004,2020-06-19 18:20:00,20.0,7.0
1005,2020-06-19 18:40:00,20.0,122.0
1006,2020-06-19 19:00:00,20.0,2.0
1007,2020-06-19 19:20:00,20.0,0.0
1008,2020-06-19 19:40:00,20.0,0.0
1009,2020-06-19 20:00:00,20.0,44.0
1010,2020-06-19 20:20:00,20.0,1.0
1011,2020-06-19 20:40:00,20.0,16.0
1012,2020-06-19 21:00:00,20.0,21.0
1013,2020-06-19 21:20:00,20.0,11.0
1014,2020-06-19 21:40:00,20.0,3.0
1015,2020-06-19 22:00:00,20.0,0.0
1016,2020-06-19 22:20:00,20.0,7.0
1017,2020-06-19 22:40:00,20.0,8.0
1018,2020-06-19 23:00:00,20.0,11.0
1019,2020-06-20 00:20:00,20.0,70.0
1020,2020-06-20 00:40:00,20.0,156.0
1021,2020-06-20 01:00:00,20.0,23.0
1022,2020-06-20 06:20:00,20.0,63.0
1023,2020-06-20 06:40:00,20.0,92.0
1024,2020-06-20 07:00:00,20.0,115.0
1025,2020-06-20 07:20:00,20.0,172.0
1026,2020-06-20 07:40:00,20.0,171.0
1027,2020-06-20 08:00:00,20.0,80.0
1028,2020-06-20 08:20:00,20.0,209.0
1029,2020-06-20 08:40:00,20.0,45.0
1030,2020-06-20 09:00:00,20.0,73.0
1031,2020-06-20 09:20:00,20.0,105.0
1032,2020-06-20 09:40:00,20.0,95.0
1033,2020-06-20 10:00:00,20.0,183.0
1034,2020-06-20 10:20:00,20.0,136.0
1035,2020-06-20 10:40:00,20.0,169.0
1036,2020-06-20 11:00:00,20.0,64.0
1037,2020-06-20 11:20:00,30.1,81.0
1038,2020-06-20 11:50:00,30.1,86.0
1039,2020-06-20 12:20:00,20.0,13.0
1040,2020-06-20 12:40:00,20.0,5.0
1041,2020-06-20 13:00:00,20.0,48.0
1042,2020-06-20 13:20:00,20.0,9.0
1043,2020-06-20 13:40:00,20.0,215.0
1044,2020-06-20 14:00:00,20.0,3.0
1045,2020-06-20 14:20:00,20.0,53.0
1046,2020-06-20 14:40:00,20.0,132.0
1047,2020-06-20 15:00:00,20.0,5.0
1048,2020-06-20 15:20:00,20.0,13.0
1049,2020-06-20 15:40:00,20.0,31.0
1050,2020-06-20 16:00:00,20.0,94.0
1051,2020-06-20 16:20:00,20.0,174.0
1052,2020-06-20 16:40:00,20.0,42.0
1053,2020-06-20 17:00:00,20.0,165.0
1054,2020-06-20 17:20:00,20.0,199.0
1055,2020-06-20 17:40:00,20.0,145.0
1056,2020-06-20 18:20:00,20.0,63.0
1057,2020-06-20 18:40:00,20.0,130.0
1058,2020-06-20 19:00:00,20.0,11.0
1059,2020-06-20 19:20:00,20.0,15.0
1060,2020-06-20 19:40:00,20.0,14.0
1061,2020-06-20 20:00:00,20.0,182.0
1062,2020-06-20 20:20:00,20.0,36.0
1063,2020-06-20 20:40:00,20.0,97.0
1064,2020-06-20 21:00:00,20.0,98.0
1065,2020-06-20 21:20:00,20.0,180.0
1066,2020-06-20 21:40:00,20.0,55.0
1067,2020-06-20 22:00:00,20.0,32.0
1068,2020-06-20 22:20:00,20.0,12.0
1069,2020-06-20 22:40:00,20.0,5.0
1070,2020-06-20 23:00:00,20.0,73.0
1071,2020-06-20 23:20:00,20.0,95.0
1072,2020-06-20 23:40:00,20.0,59.0
1073,2020-06-21 00:00:00,20.0,106.0
1074,2020-06-21 00:20:00,14.983333333333333,9.0
1075,2020-06-21 00:35:00,15.0,54.0
1076,2020-06-21 00:50:00,15.0,91.0
1077,2020-06-21 01:05:00,15.0,38.0
1078,2020-06-21 01:20:00,20.0,125.0
1079,2020-06-21 01:40:00,15.433333333333335,172.0
1080,2020-06-21 02:00:00,20.0,133.0
1081,2020-06-21 06:20:00,20.0,76.0
1082,2020-06-21 06:40:00,20.0,68.0
1083,2020-06-21 07:00:00,20.0,32.0
1084,2020-06-21 07:20:00,20.0,54.0
1085,2020-06-21 07:40:00,20.0,48.0
1086,2020-06-21 08:00:00,20.0,34.0
1087,2020-06-21 08:20:00,20.0,111.0
1088,2020-06-21 08:40:00,20.0,172.0
1089,2020-06-21 09:00:00,20.0,5.0
1090,2020-06-21 09:20:00,20.0,22.0
1091,2020-06-21 09:40:00,20.0,32.0
1092,2020-06-21 10:00:00,20.0,196.0
1093,2020-06-21 10:20:00,20.0,72.0
1094,2020-06-21 10:40:00,20.0,96.0
1095,2020-06-21 11:00:00,20.0,165.0
1096,2020-06-21 11:20:00,20.0,199.0
1097,2020-06-21 11:40:00,20.0,30.0
1098,2020-06-21 12:00:00,20.0,16.0
1099,2020-06-21 12:20:00,20.0,82.0
1100,2020-06-21 12:40:00,20.0,104.0
1101,2020-06-21 13:00:00,20.0,31.0
1102,2020-06-21 13:20:00,20.0,133.0
1103,2020-06-21 13:40:00,20.0,82.0
1104,2020-06-21 14:00:00,20.0,59.0
1105,2020-06-21 15:20:00,20.0,20.0
1106,2020-06-21 15:40:00,20.0,6.0
1107,2020-06-21 16:00:00,20.0,170.0
1108,2020-06-21 16:20:00,20.0,173.0
1109,2020-06-21 16:40:00,20.0,176.0
1110,2020-06-21 17:00:00,20.0,190.0
1111,2020-06-21 18:20:00,20.0,142.0
1112,2020-06-21 18:40:00,20.0,115.0
1113,2020-06-21 19:00:00,20.0,16.0
1114,2020-06-21 19:20:00,10.0,5.0
1115,2020-06-21 19:30:00,10.0,6.0
1116,2020-06-21 19:40:00,10.0,9.0
1117,2020-06-21 19:50:00,10.0,20.0
1118,2020-06-21 20:00:00,10.0,124.0
1119,2020-06-21 20:10:00,10.0,110.0
1120,2020-06-21 20:20:00,20.0,145.0
1121,2020-06-21 20:40:00,20.0,90.0
1122,2020-06-21 21:00:00,20.0,48.0
1123,2020-06-21 21:20:00,20.0,111.0
1124,2020-06-21 21:40:00,20.0,82.0
1125,2020-06-21 22:00:00,20.0,20.0
1126,2020-06-21 22:20:00,20.0,22.0
1127,2020-06-21 22:40:00,20.0,33.0
1128,2020-06-21 23:00:00,20.0,75.0
1129,2020-06-21 23:20:00,20.0,16.0
1130,2020-06-21 23:40:00,20.0,159.0
1131,2020-06-22 00:00:00,20.0,30.0
1132,2020-06-22 01:20:00,20.0,26.0
1133,2020-06-22 01:40:00,15.416666666666664,35.0
1134,2020-06-22 06:20:00,20.0,14.0
1135,2020-06-22 06:40:00,20.0,26.0
1136,2020-06-22 07:00:00,20.0,46.0
1137,2020-06-22 07:20:00,20.0,12.0
1138,2020-06-22 07:40:00,20.0,33.0
1139,2020-06-22 08:00:00,20.0,85.0
1140,2020-06-22 08:20:00,20.0,4.0
1141,2020-06-22 08:40:00,20.0,37.0
1142,2020-06-22 09:00:00,20.0,35.0
1143,2020-06-22 09:20:00,15.0,22.0
1144,2020-06-22 09:35:00,15.0,31.0
1145,2020-06-22 09:50:00,15.0,6.0
1146,2020-06-22 10:05:00,15.0,58.0
1147,2020-06-22 10:20:00,20.0,173.0
1148,2020-06-22 10:40:00,20.0,112.0
1149,2020-06-22 11:00:00,20.0,61.0
1150,2020-06-22 11:20:00,20.0,141.0
1151,2020-06-22 11:40:00,20.0,195.0
1152,2020-06-22 12:00:00,20.0,154.0
1153,2020-06-22 12:20:00,20.0,207.0
1154,2020-06-22 12:40:00,20.0,201.0
1155,2020-06-22 13:00:00,20.0,59.0
1156,2020-06-22 13:20:00,20.0,53.0
1157,2020-06-22 13:40:00,20.0,108.0
1158,2020-06-22 14:00:00,20.0,76.0
1159,2020-06-22 14:20:00,20.0,72.0
1160,2020-06-22 14:40:00,20.0,33.0
1161,2020-06-22 15:00:00,20.0,1.0
1162,2020-06-22 16:20:00,20.0,51.0
1163,2020-06-22 16:40:00,20.0,69.0
1164,2020-06-22 17:00:00,20.0,13.0
1165,2020-06-22 17:20:00,10.0,32.0
1166,2020-06-22 17:30:00,10.0,20.0
1167,2020-06-22 17:40:00,10.0,46.0
1168,2020-06-22 17:50:00,10.0,5.0
1169,2020-06-22 18:00:00,10.0,66.0
1170,2020-06-22 18:10:00,10.0,161.0
1171,2020-06-22 18:20:00,20.0,106.0
1172,2020-06-22 18:40:00,20.0,88.0
1173,2020-06-22 19:00:00,20.0,0.0
1174,2020-06-22 19:20:00,20.0,4.0
1175,2020-06-22 19:40:00,20.0,5.0
1176,2020-06-22 20:00:00,20.0,7.0
1177,2020-06-22 20:20:00,20.0,58.0
1178,2020-06-22 20:40:00,20.0,0.0
1179,2020-06-22 21:00:00,20.0,42.0
1180,2020-06-22 21:20:00,20.0,36.0
1181,2020-06-22 21:40:00,20.0,14.0
1182,2020-06-22 22:00:00,20.0,9.0
1183,2020-06-22 22:20:00,20.0,13.0
1184,2020-06-22 22:40:00,20.0,12.0
1185,2020-06-22 23:00:00,20.0,45.0
1186,2020-06-23 01:20:00,10.0,97.0
1187,2020-06-23 01:30:00,10.0,15.0
1188,2020-06-23 01:40:00,10.0,81.0
1189,2020-06-23 01:50:00,5.95,14.0
1190,2020-06-23 02:00:00,10.0,11.0
1191,2020-06-23 02:10:00,10.0,15.0
1192,2020-06-23 06:20:00,20.0,29.0
1193,2020-06-23 06:40:00,20.0,30.0
1194,2020-06-23 07:00:00,20.0,7.0
1195,2020-06-23 07:20:00,20.0,35.0
1196,2020-06-23 07:40:00,20.0,21.0
1197,2020-06-23 08:00:00,20.0,211.0
1198,2020-06-23 08:20:00,20.0,155.0
1199,2020-06-23 08:40:00,20.0,107.0
1200,2020-06-23 09:00:00,20.0,15.0
1201,2020-06-23 09:20:00,20.0,5.0
1202,2020-06-23 09:40:00,20.0,13.0
1203,2020-06-23 10:00:00,20.0,193.0
1204,2020-06-23 10:20:00,20.0,69.0
1205,2020-06-23 10:40:00,20.0,103.0
1206,2020-06-23 11:00:00,20.0,51.0
1207,2020-06-23 11:20:00,20.0,124.0
1208,2020-06-23 11:40:00,20.0,188.0
1209,2020-06-23 12:00:00,20.0,114.0
1210,2020-06-23 12:20:00,20.0,39.0
1211,2020-06-23 12:40:00,20.0,206.0
1212,2020-06-23 13:00:00,20.0,87.0
1213,2020-06-23 13:20:00,20.0,46.0
1214,2020-06-23 13:40:00,20.0,0.0
1215,2020-06-23 14:00:00,20.0,61.0
1216,2020-06-23 15:20:00,20.0,1.0
1217,2020-06-23 15:40:00,20.0,3.0
1218,2020-06-23 16:00:00,20.0,63.0
1219,2020-06-23 16:20:00,20.0,60.0
1220,2020-06-23 16:40:00,20.0,27.0
1221,2020-06-23 17:00:00,20.0,5.0
1222,2020-06-23 17:20:00,20.0,13.0
1223,2020-06-23 17:40:00,20.0,20.0
1224,2020-06-23 18:00:00,20.0,131.0
1225,2020-06-23 19:20:00,20.0,0.0
1226,2020-06-23 19:40:00,20.0,0.0
1227,2020-06-23 20:00:00,20.0,67.0
1228,2020-06-23 20:20:00,20.0,16.0
1229,2020-06-23 20:40:00,20.0,6.0
1230,2020-06-23 21:00:00,20.0,34.0
1231,2020-06-23 21:20:00,20.0,16.0
1232,2020-06-23 21:40:00,20.0,23.0
1233,2020-06-23 22:00:00,20.0,3.0
1234,2020-06-23 22:20:00,20.0,20.0
1235,2020-06-23 22:40:00,20.0,13.0
1236,2020-06-23 23:00:00,20.0,9.0
1237,2020-06-23 23:20:00,20.0,5.0
1238,2020-06-23 23:40:00,20.0,5.0
1239,2020-06-24 00:00:00,20.0,202.0
1240,2020-06-24 01:20:00,20.0,109.0
1241,2020-06-24 01:40:00,16.166666666666668,53.0
1242,2020-06-24 02:00:00,20.0,106.0
1243,2020-06-24 06:20:00,20.0,46.0
1244,2020-06-24 06:40:00,20.0,33.0
1245,2020-06-24 07:00:00,20.0,0.0
1246,2020-06-24 07:20:00,20.0,22.0
1247,2020-06-24 07:40:00,20.0,39.0
1248,2020-06-24 08:00:00,20.0,135.0
1249,2020-06-24 08:20:00,20.0,179.0
1250,2020-06-24 08:40:00,20.0,122.0
1251,2020-06-24 09:00:00,20.0,48.0
1252,2020-06-24 09:20:00,20.0,12.0
1253,2020-06-24 09:40:00,20.0,47.0
1254,2020-06-24 10:00:00,20.0,20.0
1255,2020-06-24 10:20:00,20.0,56.0
1256,2020-06-24 10:40:00,20.0,6.0
1257,2020-06-24 11:00:00,20.0,167.0
1258,2020-06-24 11:20:00,20.0,35.0
1259,2020-06-24 11:40:00,20.0,53.0
1260,2020-06-24 12:00:00,20.0,88.0
1261,2020-06-24 12:20:00,20.0,66.0
1262,2020-06-24 12:40:00,20.0,168.0
1263,2020-06-24 13:00:00,20.0,38.0
1264,2020-06-24 14:20:00,20.0,110.0
1265,2020-06-24 14:40:00,20.0,69.0
1266,2020-06-24 15:00:00,20.0,8.0
1267,2020-06-24 15:20:00,20.0,7.0
1268,2020-06-24 15:40:00,20.0,11.0
1269,2020-06-24 16:00:00,20.0,81.0
1270,2020-06-24 16:20:00,20.0,15.0
1271,2020-06-24 16:40:00,20.0,14.0
1272,2020-06-24 17:00:00,20.0,45.0
1273,2020-06-24 17:20:00,20.0,51.0
1274,2020-06-24 17:40:00,20.0,30.0
1275,2020-06-24 18:00:00,20.0,87.0
1276,2020-06-24 18:20:00,20.0,22.0
1277,2020-06-24 18:40:00,20.0,9.0
1278,2020-06-24 19:00:00,20.0,1.0
1279,2020-06-24 19:20:00,20.0,8.0
1280,2020-06-24 19:40:00,20.0,6.0
1281,2020-06-24 20:00:00,20.0,8.0
1282,2020-06-24 20:20:00,20.0,29.0
1283,2020-06-24 20:40:00,20.0,31.0
1284,2020-06-24 21:00:00,20.0,59.0
1285,2020-06-24 21:20:00,20.0,42.0
1286,2020-06-24 21:40:00,20.0,55.0
1287,2020-06-24 22:00:00,20.0,20.0
1288,2020-06-24 22:20:00,20.0,12.0
1289,2020-06-24 22:40:00,20.0,22.0
1290,2020-06-24 23:00:00,20.0,28.0
1291,2020-06-25 00:20:00,20.0,1.0
1292,2020-06-25 00:40:00,20.0,26.0
1293,2020-06-25 01:00:00,20.0,24.0
1294,2020-06-25 01:20:00,20.0,85.0
1295,2020-06-25 01:40:00,16.166666666666668,67.0
1296,2020-06-25 02:00:00,20.0,64.0
1297,2020-06-25 06:20:00,20.0,1.0
1298,2020-06-25 06:40:00,20.0,32.0
1299,2020-06-25 07:00:00,20.0,9.0
1300,2020-06-25 07:20:00,20.0,38.0
1301,2020-06-25 07:40:00,20.0,65.0
1302,2020-06-25 08:00:00,20.0,80.0
1303,2020-06-25 08:20:00,20.0,182.0
1304,2020-06-25 08:40:00,20.0,97.0
1305,2020-06-25 09:00:00,20.0,42.0
1306,2020-06-25 09:20:00,20.0,16.0
1307,2020-06-25 09:40:00,20.0,16.0
1308,2020-06-25 10:00:00,20.0,71.0
1309,2020-06-25 10:20:00,20.0,143.0
1310,2020-06-25 10:40:00,20.0,126.0
1311,2020-06-25 11:00:00,20.0,75.0
1312,2020-06-25 11:20:00,20.0,3.0
1313,2020-06-25 11:40:00,20.0,35.0
1314,2020-06-25 12:00:00,20.0,137.0
1315,2020-06-25 12:20:00,20.0,128.0
1316,2020-06-25 12:40:00,20.0,199.0
1317,2020-06-25 13:00:00,20.0,34.0
1318,2020-06-25 13:20:00,20.0,47.0
1319,2020-06-25 13:40:00,20.0,38.0
1320,2020-06-25 14:00:00,20.0,94.0
1321,2020-06-25 14:20:00,20.0,64.0
1322,2020-06-25 14:40:00,20.0,102.0
1323,2020-06-25 15:00:00,20.0,3.0
1324,2020-06-25 15:20:00,20.0,4.0
1325,2020-06-25 15:40:00,20.0,7.0
1326,2020-06-25 16:00:00,20.0,7.0
1327,2020-06-25 16:20:00,20.0,21.0
1328,2020-06-25 16:40:00,20.0,101.0
1329,2020-06-25 17:00:00,20.0,47.0
1330,2020-06-25 17:20:00,20.0,32.0
1331,2020-06-25 17:40:00,20.0,9.0
1332,2020-06-25 18:00:00,20.0,86.0
1333,2020-06-25 18:20:00,20.0,140.0
1334,2020-06-25 18:40:00,20.0,64.0
1335,2020-06-25 19:00:00,20.0,0.0
1336,2020-06-25 19:20:00,20.0,0.0
1337,2020-06-25 19:40:00,20.0,4.0
1338,2020-06-25 20:00:00,20.0,29.0
1339,2020-06-25 20:20:00,20.0,52.0
1340,2020-06-25 20:40:00,20.0,30.0
1341,2020-06-25 21:00:00,20.0,57.0
1342,2020-06-25 21:20:00,20.0,24.0
1343,2020-06-25 21:40:00,20.0,3.0
1344,2020-06-25 22:00:00,20.0,8.0
1345,2020-06-25 22:20:00,20.0,7.0
1346,2020-06-25 22:40:00,20.0,3.0
1347,2020-06-25 23:00:00,20.0,95.0
1348,2020-06-26 00:20:00,20.0,109.0
1349,2020-06-26 00:40:00,20.0,26.0
1350,2020-06-26 01:00:00,9.416666666666666,37.0
1351,2020-06-26 01:20:00,20.0,36.0
1352,2020-06-26 01:40:00,16.2,29.0
1353,2020-06-26 02:00:00,20.0,37.0
1354,2020-06-26 06:20:00,20.0,14.0
1355,2020-06-26 06:40:00,20.0,11.0
1356,2020-06-26 07:00:00,20.0,7.0
1357,2020-06-26 07:20:00,20.0,14.0
1358,2020-06-26 07:40:00,20.0,26.0
1359,2020-06-26 08:00:00,20.0,101.0
1360,2020-06-26 08:20:00,20.0,120.0
1361,2020-06-26 08:40:00,20.0,107.0
1362,2020-06-26 09:00:00,20.0,24.0
1363,2020-06-26 09:20:00,20.0,1.0
1364,2020-06-26 09:40:00,20.0,19.0
1365,2020-06-26 10:00:00,20.0,109.0
1366,2020-06-26 10:20:00,20.0,89.0
1367,2020-06-26 10:40:00,20.0,58.0
1368,2020-06-26 11:00:00,20.0,97.0
1369,2020-06-26 11:20:00,20.0,64.0
1370,2020-06-26 11:40:00,20.0,80.0
1371,2020-06-26 12:00:00,20.0,160.0
1372,2020-06-26 13:20:00,20.0,55.0
1373,2020-06-26 13:40:00,20.0,21.0
1374,2020-06-26 14:00:00,20.0,7.0
1375,2020-06-26 14:20:00,20.0,75.0
1376,2020-06-26 14:40:00,20.0,73.0
1377,2020-06-26 15:00:00,20.0,0.0
1378,2020-06-26 15:20:00,20.0,7.0
1379,2020-06-26 15:40:00,20.0,1.0
1380,2020-06-26 16:00:00,20.0,4.0
1381,2020-06-26 16:20:00,20.0,35.0
1382,2020-06-26 16:40:00,20.0,95.0
1383,2020-06-26 17:00:00,20.0,0.0
1384,2020-06-26 17:20:00,20.0,48.0
1385,2020-06-26 17:40:00,20.0,27.0
1386,2020-06-26 18:00:00,20.0,15.0
1387,2020-06-26 18:20:00,20.0,14.0
1388,2020-06-26 18:40:00,20.0,160.0
1389,2020-06-26 19:00:00,20.0,0.0
1390,2020-06-26 19:20:00,20.0,1.0
1391,2020-06-26 19:40:00,20.0,0.0
1392,2020-06-26 20:00:00,20.0,29.0
1393,2020-06-26 20:20:00,20.0,8.0
1394,2020-06-26 20:40:00,20.0,6.0
1395,2020-06-26 21:00:00,20.0,24.0
1396,2020-06-26 21:20:00,20.0,7.0
1397,2020-06-26 21:40:00,20.0,35.0
1398,2020-06-26 22:00:00,20.0,12.0
1399,2020-06-26 22:20:00,20.0,0.0
1400,2020-06-26 22:40:00,20.0,13.0
1401,2020-06-26 23:00:00,20.0,35.0
1402,2020-06-27 00:20:00,20.0,32.0
1403,2020-06-27 00:40:00,20.0,198.0
1404,2020-06-27 01:00:00,20.0,80.0
1405,2020-06-27 01:20:00,20.0,34.0
1406,2020-06-27 01:40:00,15.933333333333335,111.0
1407,2020-06-27 02:00:00,20.0,70.0
1408,2020-06-27 06:20:00,20.0,110.0
1409,2020-06-27 06:40:00,20.0,30.0
1410,2020-06-27 07:00:00,20.0,78.0
1411,2020-06-27 07:20:00,20.0,90.0
1412,2020-06-27 07:40:00,20.0,45.0
1413,2020-06-27 08:00:00,20.0,138.0
1414,2020-06-27 08:20:00,20.0,83.0
1415,2020-06-27 08:40:00,20.0,29.0
1416,2020-06-27 09:00:00,20.0,73.0
1417,2020-06-27 09:20:00,20.0,111.0
1418,2020-06-27 09:40:00,20.0,16.0
1419,2020-06-27 10:00:00,20.0,62.0
1420,2020-06-27 10:20:00,20.0,126.0
1421,2020-06-27 10:40:00,20.0,210.0
1422,2020-06-27 11:00:00,20.0,120.0
1423,2020-06-27 11:20:00,20.0,101.0
1424,2020-06-27 11:40:00,20.0,211.0
1425,2020-06-27 12:00:00,20.0,201.0
1426,2020-06-27 12:20:00,20.0,207.0
1427,2020-06-27 12:40:00,20.0,154.0
1428,2020-06-27 13:00:00,20.0,157.0
1429,2020-06-27 13:20:00,20.0,27.0
1430,2020-06-27 13:40:00,20.0,60.0
1431,2020-06-27 14:00:00,20.0,161.0
1432,2020-06-27 14:20:00,20.0,91.0
1433,2020-06-27 14:40:00,20.0,106.0
1434,2020-06-27 15:00:00,20.0,28.0
1435,2020-06-27 15:20:00,20.0,29.0
1436,2020-06-27 15:40:00,20.0,30.0
1437,2020-06-27 16:00:00,20.0,155.0
1438,2020-06-27 16:20:00,20.0,177.0
1439,2020-06-27 16:40:00,20.0,75.0
1440,2020-06-27 17:00:00,20.0,12.0
1441,2020-06-27 17:20:00,20.0,91.0
1442,2020-06-27 17:40:00,20.0,13.0
1443,2020-06-27 18:00:00,20.0,127.0
1444,2020-06-27 18:40:00,20.0,213.0
1445,2020-06-27 19:00:00,20.0,7.0
1446,2020-06-27 19:20:00,20.0,0.0
1447,2020-06-27 19:40:00,20.0,16.0
1448,2020-06-27 20:00:00,20.0,101.0
1449,2020-06-27 20:20:00,20.0,174.0
1450,2020-06-27 20:40:00,20.0,105.0
1451,2020-06-27 21:00:00,20.0,19.0
1452,2020-06-27 21:20:00,20.0,70.0
1453,2020-06-27 21:40:00,20.0,23.0
1454,2020-06-27 22:00:00,20.0,12.0
1455,2020-06-27 22:20:00,20.0,6.0
1456,2020-06-27 22:40:00,20.0,5.0
1457,2020-06-27 23:00:00,20.0,16.0
1458,2020-06-28 00:20:00,20.0,46.0
1459,2020-06-28 00:40:00,20.0,12.0
1460,2020-06-28 01:00:00,20.0,93.0
1461,2020-06-28 06:20:00,20.0,20.0
1462,2020-06-28 06:40:00,20.0,56.0
1463,2020-06-28 07:00:00,20.0,198.0
1464,2020-06-28 07:20:00,20.0,156.0
1465,2020-06-28 07:40:00,20.0,31.0
1466,2020-06-28 08:00:00,20.0,65.0
1467,2020-06-28 08:20:00,20.0,38.0
1468,2020-06-28 08:40:00,20.0,125.0
1469,2020-06-28 09:00:00,20.0,106.0
1470,2020-06-28 09:20:00,15.0,46.0
1471,2020-06-28 09:35:00,15.0,54.0
1472,2020-06-28 09:50:00,15.0,9.0
1473,2020-06-28 10:05:00,15.0,164.0
1474,2020-06-28 10:20:00,20.0,33.0
1475,2020-06-28 10:40:00,20.0,76.0
1476,2020-06-28 11:00:00,20.0,50.0
1477,2020-06-28 11:20:00,20.0,188.0
1478,2020-06-28 11:40:00,20.0,128.0
1479,2020-06-28 12:00:00,20.0,181.0
1480,2020-06-28 12:20:00,20.0,6.0
1481,2020-06-28 12:40:00,20.0,178.0
1482,2020-06-28 13:00:00,20.0,5.0
1483,2020-06-28 13:20:00,20.0,54.0
1484,2020-06-28 13:40:00,20.0,32.0
1485,2020-06-28 14:00:00,20.0,56.0
1486,2020-06-28 14:20:00,20.0,121.0
1487,2020-06-28 14:40:00,20.0,104.0
1488,2020-06-28 15:00:00,20.0,32.0
1489,2020-06-28 15:20:00,20.0,22.0
1490,2020-06-28 15:40:00,20.0,12.0
1491,2020-06-28 16:00:00,20.0,186.0
1492,2020-06-28 16:20:00,20.0,185.0
1493,2020-06-28 16:40:00,20.0,61.0
1494,2020-06-28 17:00:00,20.0,166.0
1495,2020-06-28 18:20:00,20.0,113.0
1496,2020-06-28 18:40:00,20.0,93.0
1497,2020-06-28 19:00:00,20.0,12.0
1498,2020-06-28 19:20:00,20.0,8.0
1499,2020-06-28 19:40:00,20.0,22.0
1500,2020-06-28 20:00:00,20.0,8.0
1501,2020-06-28 20:20:00,20.0,94.0
1502,2020-06-28 20:40:00,20.0,86.0
1503,2020-06-28 21:00:00,20.0,65.0
1504,2020-06-28 21:20:00,20.0,47.0
1505,2020-06-28 21:40:00,20.0,80.0
1506,2020-06-28 22:00:00,20.0,22.0
1507,2020-06-28 22:20:00,20.0,33.0
1508,2020-06-28 22:40:00,20.0,0.0
1509,2020-06-28 23:00:00,20.0,104.0
1510,2020-06-29 01:20:00,20.0,37.0
1511,2020-06-29 01:40:00,15.933333333333335,1.0
1512,2020-06-29 06:20:00,20.0,27.0
1513,2020-06-29 06:40:00,20.0,0.0
1514,2020-06-29 07:00:00,20.0,8.0
1515,2020-06-29 07:20:00,20.0,50.0
1516,2020-06-29 07:40:00,20.0,29.0
1517,2020-06-29 08:00:00,20.0,211.0
1518,2020-06-29 08:20:00,20.0,162.0
1519,2020-06-29 08:40:00,20.0,75.0
1520,2020-06-29 09:00:00,20.0,3.0
1521,2020-06-29 09:20:00,20.0,23.0
1522,2020-06-29 09:40:00,20.0,16.0
1523,2020-06-29 10:00:00,20.0,26.0
1524,2020-06-29 10:20:00,20.0,33.0
1525,2020-06-29 10:40:00,20.0,76.0
1526,2020-06-29 11:00:00,20.0,34.0
1527,2020-06-29 11:20:00,20.0,80.0
1528,2020-06-29 11:40:00,20.0,111.0
1529,2020-06-29 12:00:00,20.0,68.0
1530,2020-06-29 13:20:00,20.0,4.0
1531,2020-06-29 13:40:00,20.0,23.0
1532,2020-06-29 14:00:00,20.0,27.0
1533,2020-06-29 14:20:00,10.0,54.0
1534,2020-06-29 14:30:00,10.0,48.0
1535,2020-06-29 14:40:00,10.0,47.0
1536,2020-06-29 14:50:00,10.0,22.0
1537,2020-06-29 15:00:00,10.0,3.0
1538,2020-06-29 15:10:00,10.0,3.0
1539,2020-06-29 15:20:00,20.0,1.0
1540,2020-06-29 15:40:00,20.0,1.0
1541,2020-06-29 16:00:00,20.0,74.0
1542,2020-06-29 16:20:00,30.0,85.0
1543,2020-06-29 16:50:00,30.0,23.0
1544,2020-06-29 17:20:00,20.0,21.0
1545,2020-06-29 17:40:00,20.0,14.0
1546,2020-06-29 18:00:00,20.0,36.0
1547,2020-06-29 18:20:00,20.0,29.0
1548,2020-06-29 18:40:00,20.0,97.0
1549,2020-06-29 19:00:00,20.0,1.0
1550,2020-06-29 19:20:00,20.0,1.0
1551,2020-06-29 19:40:00,20.0,1.0
1552,2020-06-29 20:00:00,20.0,4.0
1553,2020-06-29 20:20:00,20.0,1.0
1554,2020-06-29 20:40:00,20.0,82.0
1555,2020-06-29 21:00:00,20.0,4.0
1556,2020-06-29 21:20:00,20.0,24.0
1557,2020-06-29 21:40:00,20.0,19.0
1558,2020-06-29 22:00:00,20.0,21.0
1559,2020-06-29 22:20:00,20.0,14.0
1560,2020-06-29 22:40:00,20.0,8.0
1561,2020-06-29 23:00:00,20.0,23.0
1562,2020-06-29 23:20:00,20.0,31.0
1563,2020-06-29 23:40:00,20.0,34.0
1564,2020-06-30 00:00:00,20.0,189.0
1565,2020-06-30 06:20:00,20.0,27.0
1566,2020-06-30 06:40:00,20.0,8.0
1567,2020-06-30 07:00:00,20.0,14.0
1568,2020-06-30 07:20:00,20.0,64.0
1569,2020-06-30 07:40:00,20.0,53.0
1570,2020-06-30 08:00:00,20.0,212.0
1571,2020-06-30 08:20:00,20.0,212.0
1572,2020-06-30 08:40:00,20.0,19.0
1573,2020-06-30 09:00:00,20.0,37.0
1574,2020-06-30 09:20:00,20.0,19.0
1575,2020-06-30 09:40:00,20.0,19.0
1576,2020-06-30 10:00:00,20.0,163.0
1577,2020-06-30 10:20:00,20.0,69.0
1578,2020-06-30 10:40:00,20.0,184.0
1579,2020-06-30 11:00:00,20.0,24.0
1580,2020-06-30 11:20:00,20.0,55.0
1581,2020-06-30 11:40:00,20.0,107.0
1582,2020-06-30 12:00:00,20.0,50.0
1583,2020-06-30 12:20:00,20.0,140.0
1584,2020-06-30 12:40:00,20.0,52.0
1585,2020-06-30 13:00:00,20.0,19.0
1586,2020-06-30 13:20:00,30.0,24.0
1587,2020-06-30 13:50:00,30.0,107.0
1588,2020-06-30 15:20:00,20.0,19.0
1589,2020-06-30 15:40:00,20.0,6.0
1590,2020-06-30 16:00:00,20.0,19.0
1591,2020-06-30 16:20:00,20.0,98.0
1592,2020-06-30 16:40:00,20.0,55.0
1593,2020-06-30 17:00:00,20.0,1.0
1594,2020-06-30 17:20:00,20.0,7.0
1595,2020-06-30 17:40:00,20.0,23.0
1596,2020-06-30 18:00:00,20.0,81.0
1597,2020-06-30 19:20:00,20.0,0.0
1598,2020-06-30 19:40:00,20.0,0.0
1599,2020-06-30 20:00:00,20.0,4.0
1600,2020-06-30 20:20:00,20.0,19.0
1601,2020-06-30 20:40:00,20.0,48.0
1602,2020-06-30 21:00:00,20.0,19.0
1603,2020-06-30 21:20:00,20.0,19.0
1604,2020-06-30 21:40:00,20.0,19.0
1605,2020-06-30 22:00:00,20.0,10.0
1606,2020-06-30 22:20:00,20.0,16.0
1607,2020-06-30 22:40:00,20.0,6.0
1608,2020-06-30 23:00:00,20.0,14.0
1609,2020-06-30 23:20:00,10.0,47.0
1610,2020-06-30 23:30:00,10.0,36.0
1611,2020-06-30 23:40:00,10.0,52.0
1612,2020-06-30 23:50:00,10.0,8.0
1613,2020-07-01 00:00:00,10.0,66.0
1614,2020-07-01 00:10:00,10.0,0.0
1615,2020-07-01 01:20:00,20.0,183.0
1616,2020-07-01 01:40:00,15.933333333333335,169.0
